datetime,open,high,low,close,volume
2026-03-26T12:00:00+00:00,72.538,75.154,71.951,74.764,830133.0521167192
2026-03-27T00:00:00+00:00,74.764,76.484,73.506,73.95100000000001,528080
2026-03-27T12:00:00+00:00,73.95100000000001,77.788,73.616,76.069,707429
2026-03-29T12:00:00+00:00,76.069,76.334,73.58300000000001,74.022,95949.70669864657
2026-03-30T00:00:00+00:00,74.022,77.5653,73.665,77.2093,665516.03187369
2026-03-30T12:00:00+00:00,77.2093,77.81129999999999,75.5363,76.21929999999999,708191.7182166913
2026-03-31T00:00:00+00:00,76.21929999999999,79.83529999999999,75.3033,79.43029999999999,688970
2026-03-31T12:00:00+00:00,79.43029999999999,82.51029999999999,78.8163,81.75329999999998,753423.5377834163
2026-04-01T00:00:00+00:00,81.75329999999998,82.60029999999999,80.65129999999998,82.04729999999998,388546
2026-04-01T12:00:00+00:00,82.04729999999998,83.54130000000002,74.43469999999998,75.39304999999997,569430.778337085
2026-04-02T00:00:00+00:00,75.39304999999997,75.94904999999997,69.71304999999997,70.69804999999997,702003
2026-04-02T12:00:00+00:00,70.69804999999997,73.28204999999997,69.62104999999997,73.03154999999997,664357.8869729899
2026-04-03T00:00:00+00:00,72.802,72.812,72.802,72.812,3
2026-04-05T12:00:00+00:00,72.812,73.43299999999999,71.331,71.882,55553.59395335677
2026-04-06T00:00:00+00:00,71.882,73.815,71.825,73.507,307849
2026-04-06T12:00:00+00:00,73.507,74.20100000000001,72.291,73.62100000000001,415720.9187644997
2026-04-07T00:00:00+00:00,73.62100000000001,74.14200000000001,72.29700000000001,72.903,480654
2026-04-07T12:00:00+00:00,72.903,78.37500000000001,70.54,78.01200000000001,755335.7734537873
2026-04-08T00:00:00+00:00,78.01200000000001,79.10100000000001,77.44100000000002,78.70900000000002,403369
2026-04-08T12:00:00+00:00,78.70900000000002,79.14600000000002,74.92800000000001,75.802,613434.1181322196
2026-04-09T00:00:00+00:00,75.802,76.662,74.912,76.63600000000001,327971
2026-04-09T12:00:00+00:00,76.63600000000001,78.83000000000001,76.156,78.18600000000002,668666.2703620428
2026-04-10T00:00:00+00:00,78.18600000000002,79.00500000000001,77.60100000000001,78.42800000000001,294033
2026-04-10T12:00:00+00:00,78.42800000000001,79.61900000000001,78.28200000000001,78.97900000000001,445929.46574814065
2026-04-12T12:00:00+00:00,78.97900000000001,78.97900000000001,73.589,74.789,54974.023776223774
2026-04-13T00:00:00+00:00,74.789,75.927,74.679,75.056,321630
2026-04-13T12:00:00+00:00,75.056,77.519,74.59100000000001,77.278,572244.1854607386
2026-04-14T00:00:00+00:00,77.278,79.721,76.956,79.122,333503
2026-04-14T12:00:00+00:00,79.122,81.489,78.75200000000001,81.224,654134.1228555357
2026-04-15T00:00:00+00:00,81.224,82.761,79.978,80.789,440434
2026-04-15T12:00:00+00:00,80.789,82.365,80.306,81.87049999999999,695639.1696763454
2026-04-16T00:00:00+00:00,81.87049999999999,83.2615,81.79249999999999,82.06649999999999,314776
2026-04-16T12:00:00+00:00,82.06649999999999,82.2965,80.45049999999999,81.29149999999998,763254.5898813417
2026-04-17T00:00:00+00:00,81.29149999999998,82.5075,80.35749999999999,82.24749999999999,290301
2026-04-17T12:00:00+00:00,82.24749999999999,85.74449999999999,82.20749999999998,83.58549999999998,843934
2026-04-19T12:00:00+00:00,83.58549999999998,84.14249999999997,81.52849999999997,81.87949999999998,71184.98904447508
2026-04-20T00:00:00+00:00,81.87949999999998,83.58149999999998,81.55049999999997,82.71549999999998,373099
2026-04-20T12:00:00+00:00,82.71549999999998,83.36249999999997,82.24549999999998,82.71749999999996,525753.1339950372
2026-04-21T00:00:00+00:00,82.71749999999996,82.91549999999997,81.35849999999996,82.05249999999997,296709
2026-04-21T12:00:00+00:00,82.05249999999997,82.18349999999997,78.25949999999996,80.74649999999997,920738.1754855578
2026-04-22T00:00:00+00:00,80.74649999999997,82.12549999999997,80.74649999999997,81.44749999999996,283252
2026-04-22T12:00:00+00:00,81.44749999999996,81.84649999999996,80.85149999999997,81.31449999999998,531949.3741843132
2026-04-23T00:00:00+00:00,81.31449999999998,82.17449999999998,78.01949999999998,79.32349999999998,494071
2026-04-23T12:00:00+00:00,79.32349999999998,80.88549999999998,78.39649999999997,79.85949999999998,889273.573610455
2026-04-24T00:00:00+00:00,79.85949999999998,80.60949999999998,78.27449999999997,80.27349999999998,431811
2026-04-24T12:00:00+00:00,80.27349999999998,81.08549999999998,79.54349999999998,80.10549999999998,671357
2026-04-26T12:00:00+00:00,80.10549999999998,80.44749999999998,79.08049999999999,79.25549999999998,33757.89076034649
2026-04-27T00:00:00+00:00,79.25549999999998,80.95149999999998,79.19849999999998,80.02749999999997,317756
2026-04-27T12:00:00+00:00,80.02749999999997,80.78849999999998,79.01349999999998,80.74249999999999,457862.45464161586
2026-04-28T00:00:00+00:00,80.74249999999999,80.95949999999999,76.83549999999998,77.03049999999999,373971
2026-04-28T12:00:00+00:00,77.03049999999999,78.54949999999998,76.88949999999998,78.45849999999999,638910.5751742057
2026-04-29T00:00:00+00:00,78.45849999999999,79.10749999999999,77.62749999999998,77.68049999999998,354064
2026-04-29T12:00:00+00:00,77.68049999999998,77.94449999999999,76.01349999999998,77.26409999999998,650304.2247838805
2026-04-30T00:00:00+00:00,77.26409999999998,79.38809999999998,77.02209999999998,79.00109999999998,401034
2026-04-30T12:00:00+00:00,79.00109999999998,80.90009999999998,78.25609999999998,80.67109999999998,566266.0015044892
2026-05-01T00:00:00+00:00,80.67109999999998,81.00709999999998,79.28609999999998,80.02809999999998,189400
2026-05-01T12:00:00+00:00,80.02809999999998,83.41409999999998,80.01309999999998,81.72109999999998,506636
2026-05-03T12:00:00+00:00,81.72109999999998,82.28509999999999,81.26309999999998,81.93109999999999,40739.49923741739
2026-05-04T00:00:00+00:00,81.93109999999999,82.04609999999998,78.42809999999999,79.60309999999998,379562
2026-05-04T12:00:00+00:00,79.60309999999998,80.94609999999999,78.73109999999998,79.05209999999998,676775.0748139024
2026-05-05T00:00:00+00:00,79.05209999999998,80.34009999999998,78.84209999999999,80.16209999999998,241598
2026-05-05T12:00:00+00:00,80.16209999999998,80.81209999999999,79.19409999999998,80.59209999999999,378142.2179477471
2026-05-06T00:00:00+00:00,80.59209999999999,84.59409999999998,80.31209999999999,83.56309999999998,464550
2026-05-06T12:00:00+00:00,83.56309999999998,85.45109999999998,82.44709999999998,85.12309999999998,551220.8222939896
2026-05-07T00:00:00+00:00,85.12309999999998,88.69609999999999,84.58009999999999,88.53309999999999,353905
2026-05-07T12:00:00+00:00,88.53309999999999,89.73309999999998,85.88309999999998,87.12009999999998,906261.0422411165
2026-05-08T00:00:00+00:00,87.12009999999998,88.82609999999998,86.70009999999999,88.61809999999998,446910
2026-05-08T12:00:00+00:00,88.61809999999998,89.51809999999999,87.76009999999998,88.26009999999998,543693
2026-05-10T12:00:00+00:00,88.26009999999998,88.26009999999998,86.83109999999998,87.78109999999998,40126.83468013468
2026-05-11T00:00:00+00:00,87.78109999999998,89.40509999999998,87.33809999999998,89.11309999999999,478837
2026-05-11T12:00:00+00:00,89.11309999999999,95.65409999999999,88.84009999999998,95.52609999999999,644305.1897685846
2026-05-12T00:00:00+00:00,95.52609999999999,95.52609999999999,91.44309999999999,92.49409999999997,571380
2026-05-12T12:00:00+00:00,92.49409999999997,96.17309999999998,91.42709999999998,96.01509999999998,858827.453798131
2026-05-13T00:00:00+00:00,96.01509999999998,96.67009999999998,94.48509999999997,95.97009999999997,509637
2026-05-13T12:00:00+00:00,95.97009999999997,98.27909999999997,94.85309999999997,97.17409999999998,720270.4402317425
2026-05-14T00:00:00+00:00,97.17409999999998,97.96509999999998,95.73609999999998,96.13909999999998,526162
2026-05-14T12:00:00+00:00,96.13909999999998,96.51809999999998,92.40809999999998,93.07609999999997,569603.7553630697
2026-05-15T00:00:00+00:00,93.07609999999997,93.28409999999997,86.36609999999997,87.90009999999997,847898
2026-05-15T12:00:00+00:00,87.90009999999997,88.17509999999997,85.27309999999997,85.55709999999998,758671
2026-05-17T12:00:00+00:00,85.55709999999998,86.47409999999998,84.70909999999998,86.13109999999998,67766.29505352685
2026-05-18T00:00:00+00:00,86.13109999999998,86.57109999999997,83.35909999999997,85.91209999999998,727205
2026-05-18T12:00:00+00:00,85.91209999999998,88.55409999999999,85.61709999999998,88.33509999999998,700799.2882521688
2026-05-19T00:00:00+00:00,88.33509999999998,88.54909999999998,85.10209999999998,85.41509999999998,572196
2026-05-19T12:00:00+00:00,85.41509999999998,86.02909999999997,82.73009999999998,84.53309999999998,709929.1790431988
2026-05-20T00:00:00+00:00,84.53309999999998,86.20509999999997,83.44009999999997,86.08909999999997,622134
2026-05-20T12:00:00+00:00,86.08909999999997,87.25709999999997,84.74909999999997,86.93209999999998,659770.8891102257
2026-05-21T00:00:00+00:00,86.93209999999998,87.95309999999998,85.58009999999997,86.00409999999998,609357
2026-05-21T12:00:00+00:00,86.00409999999998,88.20909999999996,85.40509999999998,87.92009999999996,736500.9960702832
2026-05-22T00:00:00+00:00,87.92009999999996,88.34309999999996,86.85309999999997,87.08809999999997,377471
2026-05-22T12:00:00+00:00,87.08809999999997,87.90009999999997,86.24909999999997,86.71309999999997,527822
2026-05-24T12:00:00+00:00,86.71309999999997,90.61809999999997,86.48209999999996,89.96309999999997,46854.633016081396
2026-05-25T00:00:00+00:00,89.96309999999997,90.51809999999996,89.08209999999997,89.81209999999997,358028
2026-05-25T12:00:00+00:00,89.81209999999997,90.29309999999997,76.84700000000001,77.343,203373.31064990905
2026-05-26T00:00:00+00:00,77.343,77.37100000000001,75.318,75.672,405397
2026-05-26T12:00:00+00:00,75.672,77.11200000000001,75.159,76.956,395570.6287510378
2026-05-27T00:00:00+00:00,76.956,77.23,73.015,73.43,346763
2026-05-27T12:00:00+00:00,73.43,74.878,73.346,74.4695,445376.3140485593
2026-05-28T00:00:00+00:00,74.4695,74.9275,71.7555,72.99549999999999,396218
2026-05-28T12:00:00+00:00,72.99549999999999,76.0795,72.7545,75.88250000000001,410898.4643934265
2026-05-29T00:00:00+00:00,75.88250000000001,76.67750000000001,75.16050000000001,75.95150000000001,277643
2026-05-29T12:00:00+00:00,75.95150000000001,76.94550000000001,74.7775,75.57350000000001,405784
2026-05-31T12:00:00+00:00,75.57350000000001,75.57350000000001,73.2245,74.75250000000001,32524.034604519773
2026-06-01T00:00:00+00:00,74.75250000000001,75.4655,73.98250000000002,74.87550000000002,289908
2026-06-01T12:00:00+00:00,74.87550000000002,75.18650000000001,72.9955,74.28150000000002,421555.7461824185
2026-06-02T00:00:00+00:00,74.28150000000002,76.25950000000002,73.72050000000002,75.54550000000002,281082
2026-06-02T12:00:00+00:00,75.54550000000002,76.09550000000002,73.71150000000003,74.23950000000002,336428.2398573887
2026-06-03T00:00:00+00:00,74.23950000000002,74.89150000000002,73.37350000000002,73.94650000000003,334034
2026-06-03T12:00:00+00:00,73.94650000000003,74.09750000000003,71.77000000000002,72.54200000000003,403760.3322542935
2026-06-04T00:00:00+00:00,72.54200000000003,74.01500000000003,72.10800000000003,73.95800000000003,380817
2026-06-04T12:00:00+00:00,73.95800000000003,74.41300000000003,72.52800000000003,73.24900000000002,380648.9156967794
2026-06-05T00:00:00+00:00,73.24900000000002,73.27000000000002,70.72100000000002,72.43300000000002,359423
2026-06-05T12:00:00+00:00,72.43300000000002,72.98400000000002,67.01300000000002,67.19900000000003,768933
2026-06-07T12:00:00+00:00,67.19900000000003,68.16500000000003,66.88000000000004,68.12500000000004,72886.88484674878
2026-06-08T00:00:00+00:00,68.12500000000004,68.48700000000004,66.10500000000005,68.38400000000004,645825
2026-06-08T12:00:00+00:00,68.38400000000004,68.94700000000005,67.64400000000005,67.71300000000004,601634.7678815774
2026-06-09T00:00:00+00:00,67.71300000000004,68.84500000000004,67.30500000000004,68.42400000000004,406689
2026-06-09T12:00:00+00:00,68.42400000000004,68.89900000000004,64.21500000000003,65.07100000000004,969958.0210663291
2026-06-10T00:00:00+00:00,65.07100000000004,65.46999999999998,63.61000000000001,63.96,697921
2026-06-10T12:00:00+00:00,63.96,66.013,61.42199999999995,62.117999999999945,1013331.9123395105
2026-06-11T00:00:00+00:00,62.117999999999945,64.75599999999994,61.950999999999944,63.67404999999995,641685.830141844
2026-06-11T12:00:00+00:00,63.67404999999995,67.89204999999993,62.70604999999995,67.38704999999993,994397.9289363023
2026-06-12T00:00:00+00:00,67.38704999999993,67.67404999999992,65.76204999999993,67.05704999999993,564019
2026-06-12T12:00:00+00:00,67.05704999999993,68.23104999999993,66.07704999999993,67.86504999999993,682844
2026-06-14T12:00:00+00:00,67.86504999999993,70.48804999999992,67.51904999999992,70.44704999999992,44752.11326091876
2026-06-15T00:00:00+00:00,70.44704999999992,71.17004999999992,70.01004999999991,70.90904999999991,320558
2026-06-15T12:00:00+00:00,70.90904999999991,71.45004999999992,70.03904999999992,70.23504999999992,343216.7339058028
2026-06-16T00:00:00+00:00,70.23504999999992,71.00604999999992,69.38904999999991,70.86004999999992,251348
2026-06-16T12:00:00+00:00,70.86004999999992,71.65604999999991,69.72504999999991,70.19204999999991,464912.94920511823
2026-06-17T00:00:00+00:00,70.19204999999991,70.82504999999992,69.78504999999991,70.05304999999991,266954
2026-06-17T12:00:00+00:00,70.05304999999991,71.85304999999991,67.08704999999992,68.82004999999991,784379.6292233951
2026-06-18T00:00:00+00:00,68.82004999999991,70.26904999999992,66.99804999999992,67.23904999999992,389972
2026-06-18T12:00:00+00:00,67.23904999999992,68.01804999999992,65.49604999999991,65.84104999999992,525974.415775926
2026-06-19T00:00:00+00:00,65.84104999999992,66.07504999999992,63.841049999999996,65.33605000000001,271111.17959166435
2026-06-19T12:00:00+00:00,65.33605000000001,66.07205000000002,64.662,64.664,137001
2026-06-21T12:00:00+00:00,64.664,65.449,64.51400000000001,64.797,34174.659507412165
2026-06-22T00:00:00+00:00,64.797,67.578,64.795,66.876,359939
2026-06-22T12:00:00+00:00,66.876,67.392,65.2165,65.2755,439666.3775979164
2026-06-23T00:00:00+00:00,65.2755,65.6865,62.16749999999992,62.43149999999992,483541
2026-06-23T12:00:00+00:00,62.43149999999992,62.89149999999992,61.157499999999914,61.99449999999992,392196.64336498326
2026-06-24T00:00:00+00:00,61.99449999999992,62.845499999999916,59.72849999999991,59.763499999999915,445439
2026-06-24T12:00:00+00:00,59.763499999999915,59.99649999999991,55.92149999999992,58.16349999999992,631505.0419325433
2026-06-25T00:00:00+00:00,58.16349999999992,58.311499999999924,56.805499999999924,57.60549999999992,493794
2026-06-25T12:00:00+00:00,57.60549999999992,59.48949999999992,57.362499999999926,58.05299999999993,661981.2015727997
2026-06-26T00:00:00+00:00,58.05299999999993,59.054999999999936,56.13299999999993,58.600999999999935,394463
2026-06-26T12:00:00+00:00,58.600999999999935,60.112999999999936,58.41299999999993,59.03984999999994,359817.7768153211
2026-06-28T12:00:00+00:00,59.03984999999994,60.20784999999995,59.014849999999946,59.41284999999995,33873.499243570346
2026-06-29T00:00:00+00:00,59.41284999999995,59.898849999999946,58.16184999999995,58.93184999999995,484725
2026-06-29T12:00:00+00:00,58.93184999999995,59.54684999999995,58.17484999999995,59.03184999999994,340094.7026311921
2026-06-30T00:00:00+00:00,59.03184999999994,60.22884999999994,57.20784999999994,59.66084999999994,360687
2026-06-30T12:00:00+00:00,59.66084999999994,61.05784999999994,58.85284999999994,59.25084999999994,294870.0553332266
2026-07-01T00:00:00+00:00,59.25084999999994,60.00984999999994,58.011849999999946,59.76284999999994,252963
2026-07-01T12:00:00+00:00,59.76284999999994,61.85784999999994,59.16584999999994,59.993849999999945,368588.72231847193
2026-07-02T00:00:00+00:00,59.993849999999945,61.30684999999994,59.80384999999994,60.68084999999994,296864
2026-07-02T12:00:00+00:00,60.68084999999994,63.039849999999944,60.579849999999944,61.94284999999995,473929.57547169813
2026-07-03T00:00:00+00:00,61.94284999999995,63.78184999999995,61.898849999999946,63.24584999999995,292875
2026-07-03T12:00:00+00:00,63.24584999999995,63.408849999999944,62.141,62.299,96104.12990293288
2026-07-05T12:00:00+00:00,62.498000000000005,63.334,62.39999999999999,62.852000000000004,25471.82835729205
2026-07-06T00:00:00+00:00,62.852000000000004,63.178000000000004,61.620000000000005,62.244,279493
2026-07-06T12:00:00+00:00,62.244,62.405,61.419000000000004,61.80999999999999,236435.04436599
2026-07-07T00:00:00+00:00,61.80999999999999,62.081999999999994,60.346999999999994,61.41899999999999,292444
2026-07-07T12:00:00+00:00,61.41899999999999,61.96999999999999,59.48099999999999,59.62999999999999,388844.54371894343
2026-07-08T00:00:00+00:00,59.62999999999999,61.08499999999999,58.01599999999999,58.71199999999999,490099
2026-07-08T12:00:00+00:00,58.71199999999999,58.96299999999999,57.176999999999985,58.54594999999998,465762.7972879914
2026-07-09T00:00:00+00:00,58.54594999999998,59.587949999999985,57.69294999999998,59.12594999999998,357720
2026-07-09T12:00:00+00:00,59.12594999999998,60.724949999999986,59.01694999999999,60.22494999999997,250132.35981308413
2026-07-10T00:00:00+00:00,60.22494999999997,60.981949999999976,59.48694999999997,59.63694999999998,234456
2026-07-10T12:00:00+00:00,59.63694999999998,60.28594999999997,59.33194999999998,59.98944999999998,242242.0679752817
2026-07-12T12:00:00+00:00,59.98944999999998,60.28744999999998,58.794449999999976,59.24144999999998,37299.99835610809
2026-07-13T00:00:00+00:00,59.24144999999998,59.68444999999998,58.01244999999997,58.843449999999976,295773
2026-07-13T12:00:00+00:00,58.843449999999976,59.02244999999998,57.57044999999997,58.331449999999975,346301.71996719966
2026-07-14T00:00:00+00:00,58.331449999999975,59.160449999999976,57.59444999999997,58.80044999999997,291771
2026-07-14T12:00:00+00:00,58.80044999999997,60.40544999999997,58.52544999999997,59.65344999999997,356013.5327868852
2026-07-15T00:00:00+00:00,59.65344999999997,59.94644999999997,58.69344999999997,59.02244999999997,320516
2026-07-15T12:00:00+00:00,59.02244999999997,59.80644999999997,57.46744999999997,58.747449999999965,426639.35524842254
2026-07-16T00:00:00+00:00,58.747449999999965,58.893449999999966,57.372449999999965,57.70544999999997,266615
2026-07-16T12:00:00+00:00,57.70544999999997,57.787449999999964,56.30144999999997,56.72344999999997,352831.52604851505
2026-07-17T00:00:00+00:00,56.72344999999997,57.15044999999997,55.91444999999997,56.57044999999997,297631
2026-07-17T12:00:00+00:00,56.57044999999997,57.48144999999997,56.01544999999997,57.00544999999997,391067
2026-07-19T12:00:00+00:00,57.00544999999997,57.10944999999997,56.61944999999997,57.00744999999997,25572.707493040958
2026-07-20T00:00:00+00:00,57.00744999999997,58.58044999999997,56.724449999999976,58.19844999999997,345571
2026-07-20T12:00:00+00:00,58.19844999999997,58.285449999999976,57.27044999999997,57.51444999999997,294181.6927151623
2026-07-21T00:00:00+00:00,57.51444999999997,60.40544999999997,57.35144999999997,59.99244999999997,351641
2026-07-21T12:00:00+00:00,59.99244999999997,60.36544999999997,59.408449999999974,60.232449999999965,275619.33773620677
2026-07-22T00:00:00+00:00,60.232449999999965,61.44044999999996,60.14844999999996,60.72244999999997,280962
2026-07-22T12:00:00+00:00,60.72244999999997,62.30644999999996,60.27344999999996,61.21544999999996,298384.32322227745
2026-07-23T00:00:00+00:00,61.21544999999996,61.561449999999965,59.585449999999966,60.01644999999996,284189
2026-07-23T12:00:00+00:00,60.01644999999996,60.027449999999966,58.55044999999996,59.183449999999965,319650.6715260906
2026-07-24T00:00:00+00:00,59.183449999999965,60.32244999999996,58.73344999999996,60.098449999999964,226203
2026-07-24T12:00:00+00:00,60.098449999999964,60.63044999999996,59.491449999999965,59.90844999999996,277256
2026-07-26T12:00:00+00:00,59.90844999999996,61.594449999999966,59.58644999999997,61.26344999999997,22792.80751137503
2026-07-27T00:00:00+00:00,61.26344999999997,61.695449999999965,60.622449999999965,60.67144999999997,256895
2026-07-27T12:00:00+00:00,60.67144999999997,60.77244999999997,59.78144999999997,60.19044999999997,279213.28476821195
2026-07-28T00:00:00+00:00,60.19044999999997,60.243449999999974,58.53044999999997,59.18044999999997,294566
2026-07-28T12:00:00+00:00,59.18044999999997,59.36944999999997,58.45544999999997,59.17144999999997,280273.6247191011
2026-07-29T00:00:00+00:00,59.17144999999997,60.19044999999997,58.87844999999997,59.604449999999964,237798
2026-07-29T12:00:00+00:00,59.604449999999964,61.204449999999966,58.69644999999997,60.41744999999997,493337.18745870434
2026-07-30T00:00:00+00:00,60.41744999999997,60.87344999999997,59.15744999999997,60.366449999999965,296670
2026-07-30T12:00:00+00:00,60.366449999999965,61.561449999999965,60.03844999999996,61.421449999999965,300577.72531659756
2026-07-31T00:00:00+00:00,61.421449999999965,61.509449999999966,59.991449999999965,60.174449999999965,158408
2026-07-31T12:00:00+00:00,60.174449999999965,60.342449999999964,59.37644999999996,60.13044999999996,243379
2026-08-02T12:00:00+00:00,60.13044999999996,61.135449999999956,60.04244999999995,60.834449999999954,19530.929749594052
2026-08-03T00:00:00+00:00,60.834449999999954,61.132449999999956,60.27144999999995,60.53044999999995,230234
2026-08-03T12:00:00+00:00,60.53044999999995,60.821449999999956,59.08844999999995,60.77144999999996,204613.16432476923
2026-08-04T00:00:00+00:00,60.77144999999996,61.98544999999996,60.49744999999996,61.950449999999954,195949
2026-08-04T12:00:00+00:00,61.950449999999954,62.553449999999955,61.639449999999954,62.131449999999965,204594.92904142366
2026-08-05T00:00:00+00:00,62.131449999999965,64.7184500000001,62.09644999999996,64.6584500000001,168296
2026-08-05T12:00:00+00:00,64.6584500000001,65.46645000000018,64.15245000000016,65.10845000000029,255338.92488932243
2026-08-06T00:00:00+00:00,65.10845000000029,65.89845000000028,64.44445000000022,64.69945000000021,222037
2026-08-06T12:00:00+00:00,64.69945000000021,64.87145000000005,63.771450000000044,64.58045000000011,258156.96697598253
2026-08-07T00:00:00+00:00,64.58045000000011,67.57245000000016,64.09545000000011,67.0174500000002,243489
2026-08-07T12:00:00+00:00,67.0174500000002,68.12345000000018,65.98545000000021,66.37245000000016,367330
2026-08-09T12:00:00+00:00,66.37245000000016,66.84645000000012,66.24845000000013,66.43645000000015,17398.155587668592
2026-08-10T00:00:00+00:00,66.43645000000015,67.38545000000022,65.91145000000013,66.98545000000021,232481
2026-08-10T12:00:00+00:00,66.98545000000021,69.13445000000009,66.52145000000013,69.05645000000008,275834.3225927113
2026-08-11T00:00:00+00:00,69.05645000000008,69.71645000000008,67.46245000000009,68.40445000000008,273622
2026-08-11T12:00:00+00:00,68.40445000000008,68.56545000000008,67.5764500000001,68.22345000000007,250916.6496681343
2026-08-12T00:00:00+00:00,68.22345000000007,70.25045000000007,68.16045000000008,69.76045000000008,218004
2026-08-12T12:00:00+00:00,69.76045000000008,70.23045000000008,68.52845000000008,68.7999500000001,368995.4061944035
2026-08-13T00:00:00+00:00,68.7999500000001,69.79895000000009,67.71995000000008,68.54495000000009,261115
2026-08-13T12:00:00+00:00,68.54495000000009,68.92895000000009,67.71995000000008,68.0099500000001,290286.93350884714
2026-08-14T00:00:00+00:00,68.0099500000001,68.46895000000023,66.96295000000022,68.45595000000024,235885
2026-08-14T12:00:00+00:00,68.45595000000024,69.21795000000024,68.08895000000024,68.16995000000024,182822
2026-08-16T12:00:00+00:00,68.16995000000024,68.98595000000023,67.98595000000024,68.55695000000023,14607.546770388319
2026-08-17T00:00:00+00:00,68.55695000000023,69.95995000000023,68.54495000000023,69.40895000000023,203261
2026-08-17T12:00:00+00:00,69.40895000000023,70.29395000000024,68.80395000000023,69.72495000000023,165616.07232749893
2026-08-18T00:00:00+00:00,69.72495000000023,70.31395000000023,68.50595000000024,68.90495000000024,217681
2026-08-18T12:00:00+00:00,68.90495000000024,69.05195000000023,66.80095000000033,67.04315000000028,296375.83963685937
2026-08-19T00:00:00+00:00,67.04315000000028,67.79015000000001,66.67315000000028,67.66715,239679
2026-08-19T12:00:00+00:00,67.66715,71.47215000000007,67.61815,71.27815000000007,307794.7075381918
2026-08-20T00:00:00+00:00,71.27815000000007,71.62815000000006,70.45015000000006,70.46915000000007,289310
2026-08-20T12:00:00+00:00,70.46915000000007,73.42115000000007,69.94715000000006,72.73115000000007,381197.938982296
2026-08-21T00:00:00+00:00,72.73115000000007,74.54815000000006,72.43415000000007,74.23915000000007,238748
2026-08-21T12:00:00+00:00,74.23915000000007,74.47615000000008,73.34515000000007,73.49915000000007,323190
2026-08-23T12:00:00+00:00,68.813,69.299,68.715,69.201,26862
2026-08-24T00:00:00+00:00,69.201,69.575,68.255,69.131,325720
2026-08-24T12:00:00+00:00,69.131,69.76,68.15,69.555,372942
2026-08-25T00:00:00+00:00,69.555,69.788,67.389,67.955,361399
2026-08-25T12:00:00+00:00,67.955,69.13600000000001,67.286,68.591,331872
2026-08-26T00:00:00+00:00,68.591,69.608,68.046,68.5,261331
2026-08-26T12:00:00+00:00,68.5,68.883,67.361,68.793,327598
2026-08-27T00:00:00+00:00,68.793,69.457,67.8,68.122,216066
2026-08-27T12:00:00+00:00,68.122,69.57499999999997,67.452,68.986,293201
2026-08-28T00:00:00+00:00,68.986,70.794,68.284,70.019,271466
2026-08-28T12:00:00+00:00,70.019,71.011,65.953,66.221,599684
2026-08-30T12:00:00+00:00,66.221,66.571,65.386,66.276,26777
2026-08-31T00:00:00+00:00,66.276,67.293,65.503,67.117,290509
2026-08-31T12:00:00+00:00,67.117,67.327,65.888,66.444,297863
2026-09-01T00:00:00+00:00,66.444,66.923,64.303,64.607,276694
2026-09-01T12:00:00+00:00,64.607,65.217,63.805,63.977,369670
2026-09-02T00:00:00+00:00,63.977,64.335,63.154,64.165,261165
2026-09-02T12:00:00+00:00,64.165,65.476,64.043,65.197,257527
2026-09-03T00:00:00+00:00,65.197,66.2,65.052,65.672,238006
2026-09-03T12:00:00+00:00,65.672,67.35,65.451,66.813,307996
2026-09-04T00:00:00+00:00,66.813,67.04,66.133,66.77,164778
2026-09-04T12:00:00+00:00,66.77,67.015,64.578,65.991,360319
2026-09-06T12:00:00+00:00,65.991,66.165,65.703,65.987,6184
2026-09-07T00:00:00+00:00,65.987,66.293,65.238,65.326,186737
2026-09-07T12:00:00+00:00,65.326,66.579,65.32,66.402,88042
2026-09-08T00:00:00+00:00,66.402,67.128,65.528,66.104,271935
2026-09-08T12:00:00+00:00,66.104,66.503,65.354,65.426,310014
2026-09-09T00:00:00+00:00,65.426,66.844,65.423,66.133,205072
2026-09-09T12:00:00+00:00,66.133,68.169,65.829,67.049,358214
2026-09-10T00:00:00+00:00,67.049,67.786,65.368,65.412,253782
2026-09-10T12:00:00+00:00,65.412,65.618,63.219,63.297,501400
2026-09-11T00:00:00+00:00,63.297,64.183,62.877,63.69,257965
2026-09-11T12:00:00+00:00,63.69,65.132,62.656,64.208,395673
2026-09-13T12:00:00+00:00,64.208,64.208,63.608,63.744,25176
2026-09-14T00:00:00+00:00,63.744,64.313,62.173,62.75,304022
2026-09-14T12:00:00+00:00,62.75,63.709,62.347,62.978,311969
2026-09-15T00:00:00+00:00,62.978,63.422,62.413,63.123,231939
2026-09-15T12:00:00+00:00,63.123,63.881,62.909,63.504,273382
2026-09-16T00:00:00+00:00,63.504,64.775,63.27,64.571,225292
2026-09-16T12:00:00+00:00,64.571,64.84,62.141,63.082,515225
2026-09-17T00:00:00+00:00,63.082,64.743,62.898,64.611,220137
2026-09-17T12:00:00+00:00,64.611,66.114,64.428,65.261,269319
2026-09-18T00:00:00+00:00,65.261,67.178,65.196,66.788,216782
2026-09-18T12:00:00+00:00,66.788,66.798,65.828,66.177,236041
2026-09-20T12:00:00+00:00,66.068,66.286,65.898,66.164,12651
2026-09-21T00:00:00+00:00,66.164,66.975,65.567,66.464,227369
2026-09-21T12:00:00+00:00,66.464,66.757,65.554,66.49,245708
2026-09-22T00:00:00+00:00,66.49,66.656,64.408,65.437,287340
2026-09-22T12:00:00+00:00,65.437,67.394,65.244,67.234,265084
2026-09-23T00:00:00+00:00,67.234,67.354,64.643,64.924,185025
2026-09-23T12:00:00+00:00,64.924,65.201,64.076,64.151,257484
2026-09-24T00:00:00+00:00,64.151,64.365,63.152,63.4,253649
2026-09-24T12:00:00+00:00,63.4,63.885,62.917,63.442,300921
2026-09-25T00:00:00+00:00,63.442,64.933,63.202,64.576,200613
2026-09-25T12:00:00+00:00,64.576,64.822,63.246,64.114,290431
